ID,ASPN,ISLR,SCN2B,HTRA1,HMGN2,SERPINA3,HMOX2,FCN3,GGT5,LAD1,ITPK1,FLII,FAM89B,TRIM8,Type
S1,6.279831542,4.999770336,3.635830846,8.668306657,9.553361905,10.43005452,9.827286761,7.951272756,7.102684845,5.813301289,6.291579621,7.784545764,7.37736097,7.867228296,0
S2,7.419353425,4.946091005,5.232645701,8.30988078,8.580618434,13.65008695,10.14128781,13.2686417,7.275125592,9.025787283,5.847199641,7.977147218,8.813294062,6.769963313,0
S3,5.783864539,3.748928917,4.16612832,7.949655313,7.549923959,12.58841981,10.01384045,8.212192319,6.39606081,4.110125456,7.631289153,8.941704759,6.143463602,8.44109244,0
S4,10.01685787,8.772869463,5.602325382,11.38775522,9.099638389,8.64645377,8.633762152,5.399396225,5.961486713,5.468678969,6.128583636,8.23661201,7.608690899,7.506776936,1
S5,6.640935376,7.149002183,5.850796143,10.77250706,10.19331593,1.990379726,8.9299216,5.919517852,5.198079423,5.353636353,6.619550984,7.4812441,7.093914818,7.007313754,1
S6,8.385925857,7.370331233,5.920888972,10.12999323,8.738112243,0.196525089,8.093049714,1.90071395,4.802059417,1.611883826,5.228312928,7.845126257,5.110722071,6.619715397,1
